unitid,name,year,state,sector,degree_status,institution_cat,size_cat,n_firstyear_enrolled,zipcode,longitude,latitude,carneigie_cat,religious_affiliation,total_price_local,total_price_instate,total_price_outofstate,disabilities_percent,total_enrollment,percent_asian,percent_black_or_african_american,percent_hispanic,percent_white,percent_women,percent_all_distance,percent_some_distance,student_faculty_ratio,average_instructor_salary,percent_finanical_aid,percent_pell_grant,graduation_rate,require_test_score,total_applicants,total_men_applicants,total_women_applicants,total_admitted,total_men_admitted,total_women_admitted,total_enrolled,total_men_enrolled,total_women_enrolled,percent_admitted,student_service_expenses,endowment_assets,major_education,major_engineering,major_biological_sciences,major_mathematics,major_physical_sciences,major_business,retention_rate,usnews_liberal_arts_ranking,usnews_national_ranking,usnews_ranking,usnews_ranking_type
100937,Birmingham-Southern College,2018,Alabama,"Private not-for-profit, 4-year or above",Degree-granting,"Degree-granting, primarily baccalaureate or above","1,000 - 4,999",Yes,35254,-86.850552,33.513774,Baccalaureate Colleges: Arts & Sciences Focus,United Methodist,34400,34400,34400,More than 3 percent,1268,3,14,2,79,52,0,0,12,69193,99,22,68,Considered but not required,3636,1414,2222,2060,882,1175,328,158,170,57,6912,41815,35,8,69,35,33,178,80,123,NA,123,liberal arts
107080,Hendrix College,2018,Arkansas,"Private not-for-profit, 4-year or above",Degree-granting,"Degree-granting, primarily baccalaureate or above","1,000 - 4,999",Yes,72032-3080,-92.443256,35.101565,Baccalaureate Colleges: Arts & Sciences Focus,United Methodist,63174,63174,63174,More than 3 percent,1202,5,8,6,70,52,0,0,10,69308,100,29,71,Required,1545,726,819,1115,514,601,309,154,155,72,7721,156708,0,0,143,12,40,26,89,76,NA,76,liberal arts
110404,California Institute of Technology,2018,California,"Private not-for-profit, 4-year or above",Degree-granting,"Degree-granting, primarily baccalaureate or above","1,000 - 4,999",Yes,91125,-118.125878,34.137349,Doctoral Universities: Very High Research Activity,Not applicable,72084,72084,72084,3 percent or less,948,40,1,14,27,45,0,0,3,179530,59,14,92,Required,8208,5866,2342,543,259,284,231,124,107,7,10151,1301837,0,215,39,70,160,2,98,NA,10,10,national
112260,Claremont McKenna College,2018,California,"Private not-for-profit, 4-year or above",Degree-granting,"Degree-granting, primarily baccalaureate or above","1,000 - 4,999",Yes,91711-6400,-117.711188,34.102154,Baccalaureate Colleges: Arts & Sciences Focus,Not applicable,73810,73810,73810,More than 3 percent,1324,11,4,15,41,48,0,0,8,131650,45,14,93,Required,6272,2880,3392,584,275,309,325,160,165,9,14659,616007,0,54,155,68,25,46,96,8,NA,8,liberal arts
120254,Occidental College,2018,California,"Private not-for-profit, 4-year or above",Degree-granting,"Degree-granting, primarily baccalaureate or above","1,000 - 4,999",Yes,90041-3392,-118.210908,34.127124,Baccalaureate Colleges: Arts & Sciences Focus,Not applicable,74132,74132,74132,More than 3 percent,1930,15,5,14,49,58,0,0,9,101635,70,20,85,Required,7281,2904,4377,2716,1061,1655,566,245,321,37,7652,207966,0,0,109,24,69,0,93,44,NA,44,liberal arts
120883,University of the Pacific,2018,California,"Private not-for-profit, 4-year or above",Degree-granting,"Degree-granting, primarily baccalaureate or above","5,000 - 9,999",Yes,95211-0197,-121.312301,37.981424,Doctoral/Professional Universities,Not applicable,66971,66971,66971,More than 3 percent,3701,37,3,21,22,52,0,0,13,93871,89,36,73,Required,13545,5533,8012,8598,3482,5116,954,468,486,63,3690,63415,143,376,425,24,56,533,83,NA,110,110,national
121150,Pepperdine University,2018,California,"Private not-for-profit, 4-year or above",Degree-granting,"Degree-granting, primarily baccalaureate or above","5,000 - 9,999",Yes,90263,-118.707077,34.037786,Doctoral/Professional Universities,Churches of Christ,73002,73002,73002,More than 3 percent,3627,10,5,14,49,59,2,0,14,111487,79,17,83,Required,11265,4073,7192,4016,1686,2330,803,350,453,36,6955,101078,32,0,221,44,48,798,91,NA,46,46,national
121257,Pitzer College,2018,California,"Private not-for-profit, 4-year or above",Degree-granting,"Degree-granting, primarily baccalaureate or above","1,000 - 4,999",Yes,91711-6101,-117.706675,34.104107,Baccalaureate Colleges: Arts & Sciences Focus,Not applicable,72900,72900,72900,More than 3 percent,1072,10,6,14,47,56,0,0,10,99816,46,17,84,Neither required nor recommended,4358,1418,2940,581,237,344,273,113,160,13,17465,136549,0,0,46,35,16,45,93,33,NA,33,liberal arts
121345,Pomona College,2018,California,"Private not-for-profit, 4-year or above",Degree-granting,"Degree-granting, primarily baccalaureate or above","1,000 - 4,999",Yes,91711-6319,-117.714556,34.099027,Baccalaureate Colleges: Arts & Sciences Focus,Not applicable,71996,71996,71996,More than 3 percent,1573,15,9,18,34,51,0,0,7,121058,61,21,94,Required,10245,3983,6262,780,367,413,412,188,224,8,13322,1300748,0,0,105,58,57,0,97,6,NA,6,liberal arts
122436,University of San Diego,2018,California,"Private not-for-profit, 4-year or above",Degree-granting,"Degree-granting, primarily baccalaureate or above","5,000 - 9,999",Yes,92110-2492,-117.192073,32.770816,Doctoral Universities: High Research Activity,Roman Catholic,67498,67498,67498,More than 3 percent,5855,7,4,20,50,55,0,0,14,109511,70,17,80,Required,13287,5310,7977,7031,2755,4276,1310,517,793,53,4928,61165,0,399,405,25,46,1263,92,NA,90,90,national
125727,Westmont College,2018,California,"Private not-for-profit, 4-year or above",Degree-granting,"Degree-granting, primarily baccalaureate or above","1,000 - 4,999",Yes,93108-1089,-119.662517,34.450151,Baccalaureate Colleges: Arts & Sciences Focus,Non-Denominational,62600,62600,62600,More than 3 percent,1277,8,1,18,58,61,0,0,11,70348,95,21,75,Required,2937,938,1999,1833,630,1203,344,131,213,62,7118,58699,10,12,63,9,36,91,80,96,NA,96,liberal arts
125763,Whittier College,2018,California,"Private not-for-profit, 4-year or above",Degree-granting,"Degree-granting, primarily baccalaureate or above","1,000 - 4,999",Yes,90601,-118.032299,33.978773,Baccalaureate Colleges: Arts & Sciences Focus,Not applicable,63828,63828,63828,More than 3 percent,1732,7,5,51,26,58,0,0,11,73803,93,38,66,Considered but not required,6220,2436,3784,4724,1815,2909,512,221,291,76,7952,62565,0,18,188,41,41,274,79,128,NA,128,liberal arts
126678,Colorado College,2018,Colorado,"Private not-for-profit, 4-year or above",Degree-granting,"Degree-granting, primarily baccalaureate or above","1,000 - 4,999",Yes,80903,-104.822697,38.84886,Baccalaureate Colleges: Arts & Sciences Focus,Not applicable,71642,71642,71642,More than 3 percent,2114,5,2,9,65,55,0,0,10,104676,48,12,89,Recommended,8552,3556,4990,1283,561,722,544,242,302,15,12357,342079,12,0,183,25,67,0,96,23,NA,23,liberal arts
126775,Colorado School of Mines,2018,Colorado,"Public, 4-year or above",Degree-granting,"Degree-granting, primarily baccalaureate or above","5,000 - 9,999",Yes,80401,-105.223364,39.751443,Doctoral Universities: High Research Activity,Not applicable,35498,35498,55118,More than 3 percent,4952,4,1,9,72,30,0,2,15,108585,74,16,80,Required,12661,8726,3835,6228,3888,2340,1199,819,380,49,1819,42421,0,3833,0,132,75,0,92,NA,75,75,national
128902,Connecticut College,2018,Connecticut,"Private not-for-profit, 4-year or above",Degree-granting,"Degree-granting, primarily baccalaureate or above","1,000 - 4,999",Yes,06320-4196,-72.107321,41.379833,Baccalaureate Colleges: Arts & Sciences Focus,Not applicable,71970,71970,71970,More than 3 percent,1844,5,4,8,69,61,0,0,9,89541,62,16,81,Considered but not required,6433,2605,3828,2429,815,1614,508,201,307,38,8338,168640,0,0,130,14,26,0,90,46,NA,46,liberal arts
130590,Trinity College,2018,Connecticut,"Private not-for-profit, 4-year or above",Degree-granting,"Degree-granting, primarily baccalaureate or above","1,000 - 4,999",Yes,06106-3100,-72.690882,41.747451,Baccalaureate Colleges: Arts & Sciences Focus,Not applicable,74160,74160,74160,3 percent or less,2182,4,6,9,63,50,0,0,9,95701,49,13,84,Considered but not required,6096,2998,3098,2045,933,1112,579,292,287,34,11216,260021,15,40,111,45,23,0,91,44,NA,44,liberal arts
130697,Wesleyan University,2018,Connecticut,"Private not-for-profit, 4-year or above",Degree-granting,"Degree-granting, primarily baccalaureate or above","1,000 - 4,999",Yes,6459,-72.657146,41.554665,Baccalaureate Colleges: Arts & Sciences Focus,Not applicable,72669,72669,72669,More than 3 percent,3009,7,7,12,53,55,0,0,8,111783,43,18,89,Recommended,12706,4647,8059,2218,993,1225,803,356,447,17,5229,307423,0,0,126,69,92,0,97,21,NA,21,liberal arts
131283,The Catholic University of America,2018,District of Columbia,"Private not-for-profit, 4-year or above",Degree-granting,"Degree-granting, primarily baccalaureate or above","5,000 - 9,999",Yes,20064,-76.997909,38.933651,Doctoral Universities: High Research Activity,Roman Catholic,64560,64560,64560,More than 3 percent,3332,4,4,14,64,53,0,4,7,87733,86,12,76,Neither required nor recommended,6096,2625,3471,5101,2095,3006,834,397,437,84,5416,65458,105,398,99,19,22,535,88,NA,120,120,national
131520,Howard University,2018,District of Columbia,"Private not-for-profit, 4-year or above",Degree-granting,"Degree-granting, primarily baccalaureate or above","5,000 - 9,999",Yes,20059-0001,-77.018966,38.922392,Doctoral Universities: High Research Activity,Not applicable,44651,44651,44651,3 percent or less,6243,1,88,1,2,69,0,14,10,86006,77,44,62,Required,20946,6023,14923,6617,1844,4773,1501,429,1072,32,3832,74190,54,369,776,33,130,967,86,NA,110,110,national
133492,Eckerd College,2018,Florida,"Private not-for-profit, 4-year or above",Degree-granting,"Degree-granting, primarily baccalaureate or above","1,000 - 4,999",Yes,33711-4700,-82.687043,27.715798,Baccalaureate Colleges: Arts & Sciences Focus,Presbyterian Church (USA),61576,61576,61576,More than 3 percent,2006,2,3,8,77,66,0,0,12,71430,92,19,68,Required,4830,1586,3244,3268,983,2285,581,174,407,68,6694,26972,0,0,433,13,35,138,81,128,NA,128,liberal arts
139393,Covenant College,2018,Georgia,"Private not-for-profit, 4-year or above",Degree-granting,"Degree-granting, primarily baccalaureate or above","1,000 - 4,999",Yes,30750-4164,-85.375066,34.965161,Baccalaureate Colleges: Arts & Sciences Focus,The Presbyterian Church in America,47430,47430,47430,3 percent or less,1002,1,3,2,82,52,0,0,13,64979,94,25,71,Required,672,321,350,653,311,341,251,128,123,97,6070,40237,64,0,111,15,52,93,84,168,NA,168,liberal arts
143084,Augustana College,2018,Illinois,"Private not-for-profit, 4-year or above",Degree-granting,"Degree-granting, primarily baccalaureate or above","1,000 - 4,999",Yes,61201-2296,-90.55057,41.502365,Baccalaureate Colleges: Arts & Sciences Focus,Evangelical Lutheran Church,54907,54907,54907,More than 3 percent,2543,2,4,10,69,57,0,0,12,69683,99,24,74,Recommended,6211,2575,3636,3956,1607,2349,630,291,339,64,3316,63137,150,33,392,53,47,418,83,101,NA,101,liberal arts
145646,Illinois Wesleyan University,2018,Illinois,"Private not-for-profit, 4-year or above",Degree-granting,"Degree-granting, primarily baccalaureate or above","1,000 - 4,999",Yes,61702-2900,-88.992014,40.489901,Baccalaureate Colleges: Arts & Sciences Focus,Not applicable,61020,61020,61020,3 percent or less,1693,5,6,9,69,52,0,0,11,74743,100,22,79,Required,3785,1588,2197,2216,949,1267,494,241,253,59,5674,141964,74,0,185,30,75,415,84,71,NA,71,liberal arts
145725,Illinois Institute of Technology,2018,Illinois,"Private not-for-profit, 4-year or above",Degree-granting,"Degree-granting, primarily baccalaureate or above","5,000 - 9,999",Yes,60616,-87.627321,41.8313,Doctoral Universities: High Research Activity,Not applicable,65386,65386,65386,3 percent or less,3026,15,5,16,35,31,1,10,12,112202,98,32,72,Required,4957,3386,1571,2884,1922,962,608,417,191,58,2867,37032,0,1336,69,46,72,107,88,NA,103,103,national
146427,Knox College,2018,Illinois,"Private not-for-profit, 4-year or above",Degree-granting,"Degree-granting, primarily baccalaureate or above","1,000 - 4,999",Yes,61401-9999,-90.373165,40.943064,Baccalaureate Colleges: Arts & Sciences Focus,Not applicable,58324,58324,58324,More than 3 percent,1333,5,8,15,48,57,0,0,11,67290,99,33,75,Recommended,2738,1269,1469,2032,899,1133,345,158,187,74,7434,119733,53,0,116,16,29,12,81,71,NA,71,liberal arts
146481,Lake Forest College,2018,Illinois,"Private not-for-profit, 4-year or above",Degree-granting,"Degree-granting, primarily baccalaureate or above","1,000 - 4,999",Yes,60045-2399,-87.827454,42.249574,Baccalaureate Colleges: Arts & Sciences Focus,Not applicable,60980,60980,60980,More than 3 percent,1492,5,5,14,57,57,0,0,12,77883,97,36,69,Recommended,4147,1800,2347,2402,997,1405,389,173,216,58,8457,57042,69,0,146,30,47,216,88,101,NA,101,liberal arts
149781,Wheaton College,2018,Illinois,"Private not-for-profit, 4-year or above",Degree-granting,"Degree-granting, primarily baccalaureate or above","1,000 - 4,999",Yes,60187-5593,-88.099643,41.870176,Baccalaureate Colleges: Arts & Sciences Focus,Undenominational,49300,49300,49300,More than 3 percent,2401,9,3,6,72,55,0,0,10,83445,77,20,87,Required,1850,793,1057,1529,662,867,610,281,329,83,7605,168376,134,38,68,73,75,165,93,63,NA,63,liberal arts
150400,DePauw University,2018,Indiana,"Private not-for-profit, 4-year or above",Degree-granting,"Degree-granting, primarily baccalaureate or above","1,000 - 4,999",Yes,46135-1772,-86.860363,39.640904,Baccalaureate Colleges: Arts & Sciences Focus,Not applicable,64924,64924,64924,3 percent or less,2156,4,5,8,66,53,0,0,9,86928,97,20,85,Required,5476,2538,2938,3428,1527,1901,564,266,298,63,8908,327002,40,0,92,8,33,3,86,53,NA,53,liberal arts
150455,Earlham College,2018,Indiana,"Private not-for-profit, 4-year or above",Degree-granting,"Degree-granting, primarily baccalaureate or above","1,000 - 4,999",Yes,47374-4095,-84.915037,39.823431,Baccalaureate Colleges: Arts & Sciences Focus,Friends,59850,59850,59850,More than 3 percent,1050,4,8,7,51,54,0,0,10,57879,95,27,64,Considered but not required,2119,1051,1068,1382,647,735,271,131,140,65,7498,365589,0,4,78,8,37,49,80,68,NA,68,liberal arts
150756,Hanover College,2018,Indiana,"Private not-for-profit, 4-year or above",Degree-granting,"Degree-granting, primarily baccalaureate or above","1,000 - 4,999",Yes,47243,-85.460051000000007,38.715642,Baccalaureate Colleges: Arts & Sciences Focus,Presbyterian Church (USA),51950,51950,51950,More than 3 percent,1104,1,6,3,73,55,0,0,12,70240,100,30,72,Considered but not required,3229,1337,1892,2562,1014,1548,356,155,201,79,9006,129609,26,4,76,10,22,0,79,112,NA,112,liberal arts
153108,Central College,2018,Iowa,"Private not-for-profit, 4-year or above",Degree-granting,"Degree-granting, primarily baccalaureate or above","1,000 - 4,999",Yes,50219,-92.922199,41.401539,Baccalaureate Colleges: Arts & Sciences Focus,Reformed Church in America,52098,52098,52098,More than 3 percent,1117,2,2,6,85,51,0,5,11,65063,96,28,72,Required,2772,1262,1510,1940,868,1072,278,132,146,70,7702,68020,53,15,119,9,9,81,82,128,NA,128,liberal arts
153144,Coe College,2018,Iowa,"Private not-for-profit, 4-year or above",Degree-granting,"Degree-granting, primarily baccalaureate or above","1,000 - 4,999",Yes,52402-5092,-91.658192,41.988263,Baccalaureate Colleges: Arts & Sciences Focus,Presbyterian Church (USA),57200,57200,57200,More than 3 percent,1422,5,8,10,66,56,0,0,11,60290,97,33,66,Required,7795,2906,4889,5217,1914,3303,393,165,228,67,6962,60946,72,0,123,54,80,200,80,123,NA,123,liberal arts
153162,Cornell College,2018,Iowa,"Private not-for-profit, 4-year or above",Degree-granting,"Degree-granting, primarily baccalaureate or above","1,000 - 4,999",Yes,52314-1098,-91.423741,41.924554,Baccalaureate Colleges: Arts & Sciences Focus,United Methodist,58381,58381,58381,More than 3 percent,1028,4,6,7,68,48,0,0,12,68833,98,27,76,Considered but not required,2532,1289,1243,1545,748,797,296,162,134,61,8806,76953,52,7,70,12,31,60,76,87,NA,87,liberal arts
153384,Grinnell College,2018,Iowa,"Private not-for-profit, 4-year or above",Degree-granting,"Degree-granting, primarily baccalaureate or above","1,000 - 4,999",Yes,50112-1690,-92.722094,41.747952,Baccalaureate Colleges: Arts & Sciences Focus,Not applicable,68302,68302,68302,More than 3 percent,1716,8,5,7,50,54,0,0,9,101975,84,19,84,Required,7349,3454,3895,1792,790,1002,463,199,264,24,14165,1186892,0,0,163,63,75,0,94,18,NA,18,liberal arts
153834,Luther College,2018,Iowa,"Private not-for-profit, 4-year or above",Degree-granting,"Degree-granting, primarily baccalaureate or above","1,000 - 4,999",Yes,52101-1045,-91.802809,43.312304,Baccalaureate Colleges: Arts & Sciences Focus,Evangelical Lutheran Church,55805,55805,55805,More than 3 percent,2005,1,2,6,79,57,0,0,11,67832,97,19,79,Required,4422,1922,2500,2767,1150,1617,554,220,334,63,6505,82680,76,0,163,65,52,159,84,87,NA,87,liberal arts
154350,Simpson College,2018,Iowa,"Private not-for-profit, 4-year or above",Degree-granting,"Degree-granting, primarily baccalaureate or above","1,000 - 4,999",Yes,50125,-93.563471,41.365503,Baccalaureate Colleges: Arts & Sciences Focus,United Methodist,52040,52040,52040,More than 3 percent,1396,2,3,5,81,53,4,3,11,59566,94,29,70,Required,1401,751,650,1180,617,563,360,178,182,84,6152,55915,92,0,54,47,16,124,78,147,NA,147,liberal arts
154527,Wartburg College,2018,Iowa,"Private not-for-profit, 4-year or above",Degree-granting,"Degree-granting, primarily baccalaureate or above","1,000 - 4,999",Yes,50677-0903,-92.483387,42.7277,Baccalaureate Colleges: Arts & Sciences Focus,Evangelical Lutheran Church,53675,53675,53675,3 percent or less,1498,1,4,5,76,53,0,1,11,60358,96,24,67,Required,4298,1979,2319,3254,1414,1840,469,225,244,76,7830,49034,209,56,318,26,24,304,78,128,NA,128,liberal arts
156295,Berea College,2018,Kentucky,"Private not-for-profit, 4-year or above",Degree-granting,"Degree-granting, primarily baccalaureate or above","1,000 - 4,999",Yes,40404-2182,-84.292893,37.57202,Baccalaureate Colleges: Arts & Sciences Focus,Not applicable,49854,49854,49854,3 percent or less,1673,3,16,12,55,58,0,0,10,73170,100,83,63,Required,1576,626,949,602,246,356,438,187,251,38,6653,683139,99,0,155,46,83,127,84,68,NA,68,liberal arts
156408,Centre College,2018,Kentucky,"Private not-for-profit, 4-year or above",Degree-granting,"Degree-granting, primarily baccalaureate or above","1,000 - 4,999",Yes,40422-1394,-84.779392,37.645709,Baccalaureate Colleges: Arts & Sciences Focus,Presbyterian Church (USA),55420,55420,55420,More than 3 percent,1434,5,5,6,72,51,0,0,11,74941,98,17,81,Required,2457,1211,1246,1795,824,971,358,177,181,73,8371,225669,0,0,81,45,36,0,90,46,NA,46,liberal arts
156745,Georgetown College,2018,Kentucky,"Private not-for-profit, 4-year or above",Degree-granting,"Degree-granting, primarily baccalaureate or above","1,000 - 4,999",Yes,40324-1696,-84.553767,38.207615,Baccalaureate Colleges: Arts & Sciences Focus,Baptist,51930,51930,51930,3 percent or less,961,1,10,4,77,55,0,5,11,56429,93,35,58,Required,3629,1249,2380,1740,603,1137,265,117,148,48,5060,30112,46,0,117,12,20,117,71,147,NA,147,liberal arts
160977,Bates College,2018,Maine,"Private not-for-profit, 4-year or above",Degree-granting,"Degree-granting, primarily baccalaureate or above","1,000 - 4,999",Yes,4240,-70.203333,44.105299,Baccalaureate Colleges: Arts & Sciences Focus,Not applicable,71168,71168,71168,More than 3 percent,1832,4,5,8,71,50,0,0,10,101270,44,11,89,Neither required nor recommended,7685,3392,4293,1367,690,677,522,277,245,18,10049,176597,0,11,143,71,68,0,94,23,NA,23,liberal arts
161004,Bowdoin College,2018,Maine,"Private not-for-profit, 4-year or above",Degree-granting,"Degree-granting, primarily baccalaureate or above","1,000 - 4,999",Yes,4011,-69.963942,43.907134,Baccalaureate Colleges: Arts & Sciences Focus,Not applicable,70710,70710,70710,More than 3 percent,1828,7,8,10,61,51,0,0,9,109081,50,14,95,Neither required nor recommended,9081,3741,5340,932,433,499,510,244,266,10,18666,901531,52,0,145,91,79,0,98,3,NA,3,liberal arts
161086,Colby College,2018,Maine,"Private not-for-profit, 4-year or above",Degree-granting,"Degree-granting, primarily baccalaureate or above","1,000 - 4,999",Yes,04901-8840,-69.66337,44.564211,Baccalaureate Colleges: Arts & Sciences Focus,Not applicable,71202,71202,71202,More than 3 percent,2000,8,4,7,63,52,0,0,10,106928,49,13,90,Considered but not required,12313,5782,6531,1608,711,897,580,275,305,13,14158,388921,40,0,173,106,120,0,94,12,NA,12,liberal arts
162654,Goucher College,2018,Maryland,"Private not-for-profit, 4-year or above",Degree-granting,"Degree-granting, primarily baccalaureate or above","1,000 - 4,999",Yes,21204-2794,-76.594843,39.410175,Baccalaureate Colleges: Arts & Sciences Focus,Not applicable,62506,62506,62506,More than 3 percent,1525,4,18,10,53,68,0,0,10,75195,97,26,71,Recommended,3154,1082,2072,2536,790,1746,432,149,283,80,5494,112406,26,0,51,8,25,64,75,112,NA,112,liberal arts
163912,St. Mary's College of Maryland,2018,Maryland,"Public, 4-year or above",Degree-granting,"Degree-granting, primarily baccalaureate or above","1,000 - 4,999",Yes,20686,-76.429097,38.190904,Baccalaureate Colleges: Arts & Sciences Focus,Not applicable,30378,30378,46140,More than 3 percent,1552,4,9,7,72,58,0,0,9,66625,81,21,80,Required,1700,700,1000,1361,548,813,376,162,214,80,5531,21985,0,0,179,59,63,0,85,96,NA,96,liberal arts
164216,Washington College,2018,Maryland,"Private not-for-profit, 4-year or above",Degree-granting,"Degree-granting, primarily baccalaureate or above","1,000 - 4,999",Yes,21620-1438,-76.06878,39.217329,Baccalaureate Colleges: Arts & Sciences Focus,Not applicable,64542,64542,64542,More than 3 percent,1367,3,9,6,71,59,0,0,10,71904,90,20,68,Recommended,3637,1403,2234,2312,864,1448,310,124,186,64,8981,151991,0,0,105,28,58,134,81,96,NA,96,liberal arts
164270,McDaniel College,2018,Maryland,"Private not-for-profit, 4-year or above",Degree-granting,"Degree-granting, primarily baccalaureate or above","1,000 - 4,999",Yes,21157,-77.001992,39.584231,Master's Colleges & Universities: Larger Programs,Not applicable,57610,57610,57610,More than 3 percent,1603,3,16,7,63,51,0,4,11,63632,90,29,67,Considered but not required,3682,1775,1907,2368,1062,1306,415,206,209,64,4802,57910,25,0,75,11,30,149,77,134,NA,134,liberal arts
164465,Amherst College,2018,Massachusetts,"Private not-for-profit, 4-year or above",Degree-granting,"Degree-granting, primarily baccalaureate or above","1,000 - 4,999",Yes,01002-5000,-72.518493,42.372459,Baccalaureate Colleges: Arts & Sciences Focus,Not applicable,73966,73966,73966,More than 3 percent,1855,15,11,13,44,50,0,0,7,116777,60,23,93,Required,9723,4342,5380,1246,592,654,492,236,256,13,17131,1223642,0,0,139,167,65,0,97,2,NA,2,liberal arts
165015,Brandeis University,2018,Massachusetts,"Private not-for-profit, 4-year or above",Degree-granting,"Degree-granting, primarily baccalaureate or above","5,000 - 9,999",Yes,02454-9110,-71.260155,42.365727,Doctoral Universities: Very High Research Activity,Not applicable,73335,73335,73335,More than 3 percent,3639,14,5,8,46,61,0,0,10,118508,59,17,88,Required,11798,4617,7181,3675,1361,2314,895,346,549,31,5361,154905,34,0,434,115,79,202,93,NA,34,34,national
165334,Clark University,2018,Massachusetts,"Private not-for-profit, 4-year or above",Degree-granting,"Degree-granting, primarily baccalaureate or above","1,000 - 4,999",Yes,01610-1477,-71.823356,42.249987,Doctoral Universities: High Research Activity,Not applicable,56650,56650,56650,More than 3 percent,2304,8,4,9,58,61,0,0,10,97728,87,23,77,Neither required nor recommended,7687,3197,4490,4565,1693,2872,582,222,360,59,4513,140563,16,0,133,27,36,110,86,NA,81,81,national
165936,Gordon College,2018,Massachusetts,"Private not-for-profit, 4-year or above",Degree-granting,"Degree-granting, primarily baccalaureate or above","1,000 - 4,999",Yes,1984,-70.82151,42.590567,Baccalaureate Colleges: Arts & Sciences Focus,Interdenominational,50670,50670,50670,3 percent or less,1618,5,5,9,67,63,0,11,11,63414,98,24,70,Required,3062,1005,2057,2311,757,1554,433,167,266,75,6791,30202,203,0,218,14,49,187,83,168,NA,168,liberal arts
166124,College of the Holy Cross,2018,Massachusetts,"Private not-for-profit, 4-year or above",Degree-granting,"Degree-granting, primarily baccalaureate or above","1,000 - 4,999",Yes,01610-2395,-71.808214,42.23752,Baccalaureate Colleges: Arts & Sciences Focus,Roman Catholic,69190,69190,69190,More than 3 percent,2939,4,4,10,72,51,0,0,10,101881,56,16,92,Neither required nor recommended,7054,3223,3831,2681,1378,1303,868,430,438,38,13391,257634,0,0,119,89,134,57,93,33,NA,33,liberal arts
167996,Stonehill College,2018,Massachusetts,"Private not-for-profit, 4-year or above",Degree-granting,"Degree-granting, primarily baccalaureate or above","1,000 - 4,999",Yes,02357-6110,-71.080632,42.05905,Baccalaureate Colleges: Arts & Sciences Focus,Roman Catholic,61246,61246,61246,More than 3 percent,2493,2,4,5,84,60,0,0,12,85800,97,17,79,Neither required nor recommended,6609,3085,3524,4598,1924,2674,650,262,388,70,7387,83895,215,0,265,39,60,606,82,111,NA,111,liberal arts
168281,Wheaton College (Massachusetts),2018,Massachusetts,"Private not-for-profit, 4-year or above",Degree-granting,"Degree-granting, primarily baccalaureate or above","1,000 - 4,999",Yes,02766-2322,-71.183979,41.966637,Baccalaureate Colleges: Arts & Sciences Focus,Not applicable,68050,68050,68050,More than 3 percent,1760,5,5,8,65,61,0,0,11,84230,96,21,78,Considered but not required,3674,1511,2161,2566,938,1627,496,204,292,70,8202,115592,34,0,159,35,42,132,83,76,NA,76,liberal arts
168342,Williams College,2018,Massachusetts,"Private not-for-profit, 4-year or above",Degree-granting,"Degree-granting, primarily baccalaureate or above","1,000 - 4,999",Yes,1267,-73.203132,42.712725,Baccalaureate Colleges: Arts & Sciences Focus,Not applicable,73200,73200,73200,More than 3 percent,2095,12,8,13,51,48,0,0,6,114650,55,20,95,Required,9560,4488,5072,1240,577,663,533,257,276,13,17866,1239390,0,0,112,130,127,0,97,1,NA,1,liberal arts
168421,Worcester Polytechnic Institute,2018,Massachusetts,"Private not-for-profit, 4-year or above",Degree-granting,"Degree-granting, primarily baccalaureate or above","5,000 - 9,999",Yes,01609-2280,-71.808339,42.274853,Doctoral Universities: High Research Activity,Not applicable,67504,67504,67504,More than 3 percent,4668,5,3,9,62,38,0,3,13,112045,93,12,87,Neither required nor recommended,10584,7811,2773,4402,2930,1472,1276,742,534,42,4078,84810,0,3050,251,116,87,104,95,NA,61,61,national
168546,Albion College,2018,Michigan,"Private not-for-profit, 4-year or above",Degree-granting,"Degree-granting, primarily baccalaureate or above","1,000 - 4,999",Yes,49224,-84.745639,42.245049,Baccalaureate Colleges: Arts & Sciences Focus,United Methodist,59470,59470,59470,More than 3 percent,1533,2,15,10,62,54,0,0,11,67972,99,42,64,Required,4226,1802,2424,2884,1179,1705,428,199,229,68,9182,109148,52,0,137,19,51,93,80,128,NA,128,liberal arts
168591,Alma College,2018,Michigan,"Private not-for-profit, 4-year or above",Degree-granting,"Degree-granting, primarily baccalaureate or above","1,000 - 4,999",Yes,48801-1599,-84.672053,43.38004,Baccalaureate Colleges: Diverse Fields,Presbyterian Church (USA),54270,54270,54270,More than 3 percent,1433,1,3,5,78,59,0,0,12,67496,97,31,64,Required,4765,1891,2874,3055,1134,1921,404,154,250,64,8975,79133,83,0,55,17,22,92,77,141,NA,141,liberal arts
170286,Hillsdale College,2018,Michigan,"Private not-for-profit, 4-year or above",Degree-granting,"Degree-granting, primarily baccalaureate or above","1,000 - 4,999",Yes,49242,-84.633195,41.933682,Baccalaureate Colleges: Arts & Sciences Focus,Undenominational,41778,41778,41778,3 percent or less,1468,0,0,0,0,48,0,0,9,63062,96,0,87,Required,2209,1123,1086,795,421,374,341,183,155,36,8227,446826,0,0,113,48,23,118,96,71,NA,71,liberal arts
170301,Hope College,2018,Michigan,"Private not-for-profit, 4-year or above",Degree-granting,"Degree-granting, primarily baccalaureate or above","1,000 - 4,999",Yes,49422-9000,-86.102089,42.787298,Baccalaureate Colleges: Arts & Sciences Focus,Reformed Church in America,47000,47000,47000,3 percent or less,3149,2,3,7,82,62,0,0,11,75306,89,19,79,Required,4362,1638,2724,3298,1169,2129,798,279,519,76,5307,70320,186,139,123,13,61,276,91,106,NA,106,liberal arts
170532,Kalamazoo College,2018,Michigan,"Private not-for-profit, 4-year or above",Degree-granting,"Degree-granting, primarily baccalaureate or above","1,000 - 4,999",Yes,49006-3295,-85.601857,42.290789,Baccalaureate Colleges: Arts & Sciences Focus,Not applicable,61531,61531,61531,More than 3 percent,1467,7,7,14,57,57,0,0,13,71577,99,24,79,Considered but not required,3371,1349,2022,2454,950,1504,408,170,238,73,7336,165746,0,0,103,33,29,78,88,76,NA,76,liberal arts
171128,Michigan Technological University,2018,Michigan,"Public, 4-year or above",Degree-granting,"Degree-granting, primarily baccalaureate or above","5,000 - 9,999",Yes,49931-1295,-88.548092,47.11866,Doctoral Universities: High Research Activity,Not applicable,29969,29969,48049,More than 3 percent,5797,2,1,2,88,28,0,4,13,93095,89,25,68,Required,5838,3909,1929,4313,2929,1384,1245,907,338,74,2372,17355,1,3582,155,85,119,259,84,NA,124,124,national
173258,Carleton College,2018,Minnesota,"Private not-for-profit, 4-year or above",Degree-granting,"Degree-granting, primarily baccalaureate or above","1,000 - 4,999",Yes,55057-4001,-93.154666,44.462318,Baccalaureate Colleges: Arts & Sciences Focus,Not applicable,71325,71325,71325,More than 3 percent,2097,8,5,8,60,50,0,0,9,109120,61,15,93,Required,7092,3391,3701,1407,656,751,529,264,265,20,8562,440127,0,0,108,102,126,0,95,8,NA,8,liberal arts
173300,Concordia College at Moorhead,2018,Minnesota,"Private not-for-profit, 4-year or above",Degree-granting,"Degree-granting, primarily baccalaureate or above","1,000 - 4,999",Yes,56562,-96.76749,46.862482,Baccalaureate Colleges: Arts & Sciences Focus,Evangelical Lutheran Church,51798,51798,51798,More than 3 percent,2097,1,2,2,82,58,0,0,12,67446,97,21,75,Required,4147,1689,2458,2542,991,1551,597,259,338,61,5654,62131,322,0,328,88,137,431,80,117,NA,117,liberal arts
173647,Gustavus Adolphus College,2018,Minnesota,"Private not-for-profit, 4-year or above",Degree-granting,"Degree-granting, primarily baccalaureate or above","1,000 - 4,999",Yes,56082-1498,-93.972196,44.323626,Baccalaureate Colleges: Arts & Sciences Focus,Evangelical Lutheran Church,57370,57370,57370,3 percent or less,2241,6,3,6,77,58,0,0,11,66700,97,26,78,Recommended,5168,2091,3077,3419,1300,2119,651,259,392,66,6573,83119,76,0,153,29,66,142,88,85,NA,85,liberal arts
173902,Macalester College,2018,Minnesota,"Private not-for-profit, 4-year or above",Degree-granting,"Degree-granting, primarily baccalaureate or above","1,000 - 4,999",Yes,55105-1899,-93.168053,44.938565,Baccalaureate Colleges: Arts & Sciences Focus,Presbyterian Church (USA),68627,68627,68627,More than 3 percent,2174,8,3,8,58,60,0,0,10,95608,82,18,90,Required,5985,2443,3542,2468,980,1488,621,276,345,41,10619,350748,28,0,144,119,107,0,93,26,NA,26,liberal arts
174251,University of Minnesota-Morris,2018,Minnesota,"Public, 4-year or above",Degree-granting,"Degree-granting, primarily baccalaureate or above","1,000 - 4,999",Yes,56267,-95.901756,45.589829,Baccalaureate Colleges: Arts & Sciences Focus,Not applicable,24256,24256,26284,More than 3 percent,1554,3,2,5,58,57,0,3,11,65356,86,33,66,Required,3139,1332,1807,1971,813,1158,370,153,217,63,3846,9613,84,0,243,73,120,76,79,141,NA,141,liberal arts
174844,St Olaf College,2018,Minnesota,"Private not-for-profit, 4-year or above",Degree-granting,"Degree-granting, primarily baccalaureate or above","1,000 - 4,999",Yes,55057-1098,-93.182039,44.461529,Baccalaureate Colleges: Arts & Sciences Focus,Evangelical Lutheran Church,60590,60590,60590,More than 3 percent,3048,7,3,7,69,57,0,0,12,78574,93,19,86,Required,5496,2318,3178,2743,1145,1598,809,348,461,50,6187,178109,67,0,313,203,172,0,91,57,NA,57,liberal arts
181020,Doane University,2018,Nebraska,"Private not-for-profit, 4-year or above",Degree-granting,"Degree-granting, primarily baccalaureate or above","1,000 - 4,999",Yes,68333,-96.950932,40.622952,Baccalaureate Colleges: Arts & Sciences Focus,Not applicable,48570,48570,48570,3 percent or less,1008,1,3,8,81,45,0,0,11,61556,100,29,65,Neither required nor recommended,2761,1874,887,1885,1199,686,259,154,105,68,8005,104499,142,28,82,16,9,114,71,158,NA,158,liberal arts
182670,Dartmouth College,2018,New Hampshire,"Private not-for-profit, 4-year or above",Degree-granting,"Degree-granting, primarily baccalaureate or above","5,000 - 9,999",Yes,03755-3529,-72.289949,43.704115,Doctoral Universities: Very High Research Activity,Not applicable,74359,74359,74359,More than 3 percent,4418,15,6,10,50,49,0,0,7,140180,54,16,95,Required,22033,10540,11493,1925,968,957,1167,590,577,9,13027,821011,0,195,173,91,61,0,98,NA,11,11,national
183239,Saint Anselm College,2018,New Hampshire,"Private not-for-profit, 4-year or above",Degree-granting,"Degree-granting, primarily baccalaureate or above","1,000 - 4,999",Yes,03102-1310,-71.503622,42.986889,Baccalaureate Colleges: Arts & Sciences Focus,Roman Catholic,59294,59294,59294,More than 3 percent,2024,1,2,4,87,61,0,0,11,80114,97,14,77,Considered but not required,3896,1577,2319,2986,1282,1704,591,248,343,77,8940,81460,129,19,167,23,61,411,89,106,NA,106,liberal arts
184348,Drew University,2018,New Jersey,"Private not-for-profit, 4-year or above",Degree-granting,"Degree-granting, primarily baccalaureate or above","1,000 - 4,999",Yes,7940,-74.424584,40.761829,Baccalaureate Colleges: Arts & Sciences Focus,United Methodist,57230,57230,57230,More than 3 percent,1668,5,7,14,48,58,0,0,11,81313,87,29,62,Recommended,3788,1484,2304,2622,953,1669,420,164,256,69,7670,44075,0,0,147,20,22,109,85,112,NA,112,liberal arts
186131,Princeton University,2018,New Jersey,"Private not-for-profit, 4-year or above",Degree-granting,"Degree-granting, primarily baccalaureate or above","5,000 - 9,999",Yes,08544-0070,-74.659365,40.348732,Doctoral Universities: Very High Research Activity,Not applicable,70900,70900,70900,3 percent or less,5428,21,8,10,41,49,0,0,5,181669,59,19,96,Required,35370,18201,17169,1940,960,980,1339,681,658,5,15949,3053449,0,664,279,73,164,0,98,NA,1,1,national
186867,Stevens Institute of Technology,2018,New Jersey,"Private not-for-profit, 4-year or above",Degree-granting,"Degree-granting, primarily baccalaureate or above","5,000 - 9,999",Yes,07030-5991,-74.025334,40.744776,Doctoral Universities: High Research Activity,Not applicable,69292,69292,69292,More than 3 percent,3431,15,2,11,64,29,0,10,11,119318,94,16,87,Considered but not required,9265,6516,2749,3838,2557,1281,1009,726,283,41,4478,30142,0,1988,70,256,46,331,94,NA,69,69,national
189088,Bard College,2018,New York,"Private not-for-profit, 4-year or above",Degree-granting,"Degree-granting, primarily baccalaureate or above","1,000 - 4,999",Yes,12504-5000,-73.909927,42.020386,Baccalaureate Colleges: Arts & Sciences Focus,Not applicable,72768,72768,72768,More than 3 percent,1882,4,6,10,55,60,0,0,9,101118,67,22,75,Neither required nor recommended,5141,1875,3266,3319,1093,2226,486,195,291,65,5458,59821,0,0,0,0,0,4,85,46,NA,46,liberal arts
190044,Clarkson University,2018,New York,"Private not-for-profit, 4-year or above",Degree-granting,"Degree-granting, primarily baccalaureate or above","1,000 - 4,999",Yes,13699,-74.999359,44.662716,Doctoral Universities: High Research Activity,Not applicable,68112,68112,68112,More than 3 percent,3091,4,2,5,80,31,0,11,14,97552,96,24,75,Required,6885,4098,2787,4894,2974,1920,797,542,255,71,5118,50452,0,1730,224,39,44,334,88,NA,124,124,national
190099,Colgate University,2018,New York,"Private not-for-profit, 4-year or above",Degree-granting,"Degree-granting, primarily baccalaureate or above","1,000 - 4,999",Yes,13346-1398,-75.536346,42.819475,Baccalaureate Colleges: Arts & Sciences Focus,Not applicable,72275,72275,72275,More than 3 percent,2958,5,5,9,65,55,0,0,9,106252,47,12,89,Required,9716,4476,5240,2422,1019,1403,815,356,459,25,15190,312980,50,0,213,46,104,0,95,12,NA,12,liberal arts
191515,Hamilton College,2018,New York,"Private not-for-profit, 4-year or above",Degree-granting,"Degree-granting, primarily baccalaureate or above","1,000 - 4,999",Yes,13323,-75.408195,43.050245,Baccalaureate Colleges: Arts & Sciences Focus,Not applicable,69990,69990,69990,More than 3 percent,2005,7,4,9,63,53,0,0,9,111529,55,17,93,Required,6240,2630,3610,1328,597,731,481,236,245,21,9089,545124,0,0,113,95,81,0,94,18,NA,18,liberal arts
191533,Hartwick College,2018,New York,"Private not-for-profit, 4-year or above",Degree-granting,"Degree-granting, primarily baccalaureate or above","1,000 - 4,999",Yes,13820-4020,-75.071994,42.457599,Baccalaureate Colleges: Arts & Sciences Focus,Not applicable,59370,59370,59370,More than 3 percent,1176,3,10,5,63,59,0,3,10,70772,97,40,58,Considered but not required,4165,1496,2669,3471,1182,2289,407,167,240,83,8628,65181,13,0,128,14,35,171,74,165,NA,165,liberal arts
191630,Hobart William Smith Colleges,2018,New York,"Private not-for-profit, 4-year or above",Degree-granting,"Degree-granting, primarily baccalaureate or above","1,000 - 4,999",Yes,14456,-76.985516,42.858131,Baccalaureate Colleges: Arts & Sciences Focus,Not applicable,72040,72040,72040,More than 3 percent,2229,4,6,5,73,51,0,0,10,85522,92,18,78,Considered but not required,4453,2168,2285,2546,1192,1354,611,290,321,57,11312,105818,33,0,116,29,67,0,88,65,NA,65,liberal arts
191676,Houghton College,2018,New York,"Private not-for-profit, 4-year or above",Degree-granting,"Degree-granting, primarily baccalaureate or above","1,000 - 4,999",Yes,14744,-78.155426,42.426137,Baccalaureate Colleges: Arts & Sciences Focus,Wesleyan,45626,45626,45626,More than 3 percent,988,4,6,2,72,60,6,0,11,56470,94,40,71,Considered but not required,814,278,536,774,258,516,257,103,154,95,7217,49057,88,0,94,22,24,106,79,147,NA,147,liberal arts
194824,Rensselaer Polytechnic Institute,2018,New York,"Private not-for-profit, 4-year or above",Degree-granting,"Degree-granting, primarily baccalaureate or above","5,000 - 9,999",Yes,12180-3590,-73.676646,42.729978,Doctoral Universities: Very High Research Activity,Not applicable,71998,71998,71998,3 percent or less,6628,14,4,9,50,32,0,0,13,113152,85,18,86,Required,20402,13864,6538,8770,5725,3045,1778,1211,567,43,3968,89517,0,3296,236,252,322,265,92,NA,42,42,national
195216,St Lawrence University,2018,New York,"Private not-for-profit, 4-year or above",Degree-granting,"Degree-granting, primarily baccalaureate or above","1,000 - 4,999",Yes,13617,-75.161343,44.589879,Baccalaureate Colleges: Arts & Sciences Focus,Not applicable,70630,70630,70630,More than 3 percent,2441,2,3,5,78,55,0,0,11,85532,98,20,82,Considered but not required,6458,3160,3286,2975,1280,1695,640,309,331,46,8665,123113,0,0,173,97,58,135,90,58,NA,58,liberal arts
195474,Siena College,2018,New York,"Private not-for-profit, 4-year or above",Degree-granting,"Degree-granting, primarily baccalaureate or above","1,000 - 4,999",Yes,12211-1462,-73.7526,42.717602,Master's Colleges & Universities: Small Programs,Roman Catholic,55706,55706,55706,More than 3 percent,3164,4,4,8,78,56,0,7,12,77801,93,27,74,Recommended,7371,2925,4444,5907,2304,3601,746,317,429,80,6515,42723,1,0,429,42,124,1051,86,134,NA,134,liberal arts
195526,Skidmore College,2018,New York,"Private not-for-profit, 4-year or above",Degree-granting,"Degree-granting, primarily baccalaureate or above","1,000 - 4,999",Yes,12866,-73.785335,43.097035,Baccalaureate Colleges: Arts & Sciences Focus,Not applicable,71730,71730,71730,More than 3 percent,2612,5,5,9,62,61,0,0,8,89127,46,15,86,Considered but not required,10796,4120,6676,2907,1103,1804,678,245,433,27,7262,137343,35,0,136,44,71,206,91,41,NA,41,liberal arts
196866,Union College,2018,New York,"Private not-for-profit, 4-year or above",Degree-granting,"Degree-granting, primarily baccalaureate or above","1,000 - 4,999",Yes,12308-2311,-73.928788,42.818097,Baccalaureate Colleges: Arts & Sciences Focus,Not applicable,70860,70860,70860,More than 3 percent,2197,5,4,8,70,46,0,0,10,105795,78,13,88,Neither required nor recommended,6716,3548,3168,2598,1330,1268,571,320,251,39,9294,224104,0,464,301,44,93,63,93,36,NA,36,liberal arts
197133,Vassar College,2018,New York,"Private not-for-profit, 4-year or above",Degree-granting,"Degree-granting, primarily baccalaureate or above","1,000 - 4,999",Yes,12604,-73.895088,41.686895,Baccalaureate Colleges: Arts & Sciences Focus,Not applicable,72760,72760,72760,More than 3 percent,2456,12,4,11,56,59,0,0,8,109571,71,25,92,Required,8312,2511,5801,2043,828,1215,686,281,405,25,9175,460192,10,0,206,51,64,0,96,12,NA,12,liberal arts
197708,Yeshiva University,2018,New York,"Private not-for-profit, 4-year or above",Degree-granting,"Degree-granting, primarily baccalaureate or above","5,000 - 9,999",Yes,10033-3299,-73.929873,40.850605,Doctoral Universities: High Research Activity,Not applicable,62075,62075,62075,More than 3 percent,2728,0,0,0,93,47,0,2,7,109606,88,17,83,Required,1508,809,699,909,438,471,538,272,266,60,4239,89632,24,55,332,53,48,785,91,NA,94,94,national
198385,Davidson College,2018,North Carolina,"Private not-for-profit, 4-year or above",Degree-granting,"Degree-granting, primarily baccalaureate or above","1,000 - 4,999",Yes,28035,-80.843979,35.499767,Baccalaureate Colleges: Arts & Sciences Focus,Presbyterian Church (USA),68594,68594,68594,More than 3 percent,1843,5,7,8,67,48,0,0,9,104185,75,17,90,Required,5724,2595,3129,1116,516,600,515,250,265,19,13664,410345,0,0,109,38,65,0,95,10,NA,10,liberal arts
198613,Guilford College,2018,North Carolina,"Private not-for-profit, 4-year or above",Degree-granting,"Degree-granting, primarily baccalaureate or above","1,000 - 4,999",Yes,27410-4108,-79.887737,36.094233,Baccalaureate Colleges: Arts & Sciences Focus,Friends,52770,52770,52770,More than 3 percent,1567,5,25,9,54,51,0,0,12,53681,80,39,59,Recommended,3211,1571,1640,2070,994,1076,360,196,164,64,6114,54004,49,0,135,13,39,182,66,160,NA,160,liberal arts
199111,University of North Carolina at Asheville,2018,North Carolina,"Public, 4-year or above",Degree-granting,"Degree-granting, primarily baccalaureate or above","1,000 - 4,999",Yes,28804-8510,-82.565392,35.617068,Baccalaureate Colleges: Arts & Sciences Focus,Not applicable,20189,20189,36912,More than 3 percent,3743,2,5,8,76,57,2,6,13,75089,57,34,63,Required,3219,1183,2036,3014,1076,1938,788,319,469,94,1972,14077,0,77,113,32,91,148,73,141,NA,141,liberal arts
199847,Wake Forest University,2018,North Carolina,"Private not-for-profit, 4-year or above",Degree-granting,"Degree-granting, primarily baccalaureate or above","5,000 - 9,999",Yes,27106,-80.277446,36.133609,Doctoral Universities: High Research Activity,Not applicable,71638,71638,71638,More than 3 percent,5225,4,6,7,69,53,0,1,10,105028,49,10,89,Neither required nor recommended,12937,5565,7372,3803,1820,1983,1421,703,718,29,4271,158518,17,0,230,101,74,552,94,NA,27,27,national
202523,Denison University,2018,Ohio,"Private not-for-profit, 4-year or above",Degree-granting,"Degree-granting, primarily baccalaureate or above","1,000 - 4,999",Yes,43023,-82.523272,40.071505,Baccalaureate Colleges: Arts & Sciences Focus,Not applicable,66870,66870,66870,More than 3 percent,2394,4,6,9,62,54,0,0,9,83178,96,21,85,Considered but not required,8042,3671,4371,2727,1232,1495,654,318,336,34,9453,342357,68,0,245,62,98,272,90,46,NA,46,liberal arts
203128,Hiram College,2018,Ohio,"Private not-for-profit, 4-year or above",Degree-granting,"Degree-granting, primarily baccalaureate or above","1,000 - 4,999",Yes,44234-0067,-81.143981,41.3107,Baccalaureate Colleges: Diverse Fields,Not applicable,49815,49815,49815,More than 3 percent,1244,1,13,5,46,57,1,3,13,56007,73,39,58,Required,2687,1664,1023,1548,824,724,233,108,125,58,6479,75390,42,0,48,2,15,95,68,141,NA,141,liberal arts
203535,Kenyon College,2018,Ohio,"Private not-for-profit, 4-year or above",Degree-granting,"Degree-granting, primarily baccalaureate or above","1,000 - 4,999",Yes,43022,-82.397977,40.374408,Baccalaureate Colleges: Arts & Sciences Focus,Not applicable,71780,71780,71780,More than 3 percent,1730,4,4,8,70,55,0,0,10,78899,58,10,87,Required,6152,2696,3456,2204,879,1325,539,251,288,36,12850,221200,0,0,91,57,49,0,89,26,NA,26,liberal arts
204501,Oberlin College,2018,Ohio,"Private not-for-profit, 4-year or above",Degree-granting,"Degree-granting, primarily baccalaureate or above","1,000 - 4,999",Yes,44074,-82.216795,41.291992,Baccalaureate Colleges: Arts & Sciences Focus,Not applicable,74636,74636,74636,More than 3 percent,2785,4,5,8,62,57,0,0,9,85193,85,9,86,Required,7525,3147,4378,2725,1061,1664,805,339,466,36,5346,323038,0,13,104,68,93,0,91,26,NA,26,liberal arts
204909,Ohio Wesleyan University,2018,Ohio,"Private not-for-profit, 4-year or above",Degree-granting,"Degree-granting, primarily baccalaureate or above","1,000 - 4,999",Yes,43015-2370,-83.069757,40.295963,Baccalaureate Colleges: Arts & Sciences Focus,United Methodist,61910,61910,61910,More than 3 percent,1561,3,9,6,68,54,0,0,10,78048,99,32,67,Recommended,4705,2322,2383,3246,1500,1746,453,201,252,69,7929,142293,47,0,180,19,66,192,78,101,NA,101,liberal arts
206525,Wittenberg University,2018,Ohio,"Private not-for-profit, 4-year or above",Degree-granting,"Degree-granting, primarily baccalaureate or above","1,000 - 4,999",Yes,45504,-83.815445,39.934029,Baccalaureate Colleges: Arts & Sciences Focus,Evangelical Lutheran Church,53056,53056,53056,More than 3 percent,1757,1,10,4,77,55,0,0,12,64880,97,33,62,Neither required nor recommended,7393,2938,4455,5451,2060,3391,484,212,272,74,5346,59987,85,0,107,22,56,203,70,158,NA,158,liberal arts
206589,The College of Wooster,2018,Ohio,"Private not-for-profit, 4-year or above",Degree-granting,"Degree-granting, primarily baccalaureate or above","1,000 - 4,999",Yes,44691,-81.934674,40.81046,Baccalaureate Colleges: Arts & Sciences Focus,Not applicable,64000,64000,64000,More than 3 percent,2004,5,10,5,63,54,0,0,11,74317,96,17,75,Required,6244,2960,3284,3383,1493,1890,569,269,300,54,9673,153974,7,0,198,59,88,0,86,63,NA,63,liberal arts
207971,University of Tulsa,2018,Oklahoma,"Private not-for-profit, 4-year or above",Degree-granting,"Degree-granting, primarily baccalaureate or above","1,000 - 4,999",Yes,74104-3189,-95.945941,36.152324,Doctoral Universities: High Research Activity,Presbyterian Church (USA),59725,59725,59725,More than 3 percent,3267,5,6,8,56,45,0,0,11,95078,90,18,74,Required,8526,3914,4612,3476,1802,1674,806,437,369,41,3432,267745,33,736,243,58,83,652,87,NA,87,87,national
209056,Lewis & Clark College,2018,Oregon,"Private not-for-profit, 4-year or above",Degree-granting,"Degree-granting, primarily baccalaureate or above","1,000 - 4,999",Yes,97219-7899,-122.669137,45.450882,Baccalaureate Colleges: Arts & Sciences Focus,Not applicable,66526,66526,66526,More than 3 percent,2046,5,3,12,62,61,0,0,12,87646,89,19,75,Considered but not required,6139,2047,4092,4528,1427,3101,562,194,368,74,4527,70883,0,0,141,37,52,0,86,76,NA,76,liberal arts
209065,Linfield University-McMinnville Campus,2018,Oregon,"Private not-for-profit, 4-year or above",Degree-granting,"Degree-granting, primarily baccalaureate or above","1,000 - 4,999",Yes,97128-6894,-123.199642,45.201173,Baccalaureate Colleges: Arts & Sciences Focus,American Baptist,59007,59007,59007,More than 3 percent,1376,4,2,17,58,61,1,19,9,65795,97,28,65,Considered but not required,2199,900,1299,1782,670,1112,326,123,203,81,6150,63924,90,10,59,30,19,162,84,117,NA,117,liberal arts
209922,Reed College,2018,Oregon,"Private not-for-profit, 4-year or above",Degree-granting,"Degree-granting, primarily baccalaureate or above","1,000 - 4,999",Yes,97202-8199,-122.630348,45.480959,Baccalaureate Colleges: Arts & Sciences Focus,Not applicable,73207,73207,73207,More than 3 percent,1483,7,2,10,58,54,0,0,9,96410,50,15,81,Required,5957,2414,3543,2087,812,1275,363,160,203,35,6299,406436,0,0,143,77,135,0,91,82,NA,82,liberal arts
210401,Willamette University,2018,Oregon,"Private not-for-profit, 4-year or above",Degree-granting,"Degree-granting, primarily baccalaureate or above","1,000 - 4,999",Yes,97301,-123.030537,44.935457,Baccalaureate Colleges: Arts & Sciences Focus,Not applicable,65109,65109,65109,More than 3 percent,1808,6,2,13,57,58,0,0,11,99633,90,22,74,Recommended,4206,1966,2240,3518,1522,1996,390,168,222,84,5102,106828,0,0,74,36,82,0,84,82,NA,82,liberal arts
210669,Allegheny College,2018,Pennsylvania,"Private not-for-profit, 4-year or above",Degree-granting,"Degree-granting, primarily baccalaureate or above","1,000 - 4,999",Yes,16335-3902,-80.147168,41.64869,Baccalaureate Colleges: Arts & Sciences Focus,United Methodist,63180,63180,63180,More than 3 percent,1771,4,9,9,67,56,0,0,10,71046,99,34,74,Considered but not required,5479,2328,3151,3485,1397,2088,474,208,266,64,10676,128318,0,6,172,25,50,0,86,82,NA,82,liberal arts
211291,Bucknell University,2018,Pennsylvania,"Private not-for-profit, 4-year or above",Degree-granting,"Degree-granting, primarily baccalaureate or above","1,000 - 4,999",Yes,17837,-76.882616,40.954317,Baccalaureate Colleges: Arts & Sciences Focus,Not applicable,72750,72750,72750,More than 3 percent,3597,6,4,7,72,51,0,0,9,102805,54,11,88,Required,10144,5231,4913,3352,1608,1744,974,459,515,33,12013,225154,72,678,417,64,89,553,92,33,NA,33,liberal arts
212009,Dickinson College,2018,Pennsylvania,"Private not-for-profit, 4-year or above",Degree-granting,"Degree-granting, primarily baccalaureate or above","1,000 - 4,999",Yes,17013-2896,-77.197854,40.202796,Baccalaureate Colleges: Arts & Sciences Focus,Not applicable,71339,71339,71339,More than 3 percent,2399,4,5,9,64,58,0,0,9,84045,74,12,84,Recommended,6248,2556,3692,3070,1214,1856,635,276,359,49,7621,174801,55,0,174,91,72,187,87,51,NA,51,liberal arts
212197,Elizabethtown College,2018,Pennsylvania,"Private not-for-profit, 4-year or above",Degree-granting,"Degree-granting, primarily baccalaureate or above","1,000 - 4,999",Yes,17022-2298,-76.593224,40.149236,Baccalaureate Colleges: Arts & Sciences Focus,Church of Brethren,60460,60460,60460,More than 3 percent,1633,3,3,3,86,61,0,5,11,79679,98,20,73,Required,2010,773,1237,1522,569,953,386,147,239,76,4555,40311,163,169,175,23,17,289,87,117,NA,117,liberal arts
212577,Franklin and Marshall College,2018,Pennsylvania,"Private not-for-profit, 4-year or above",Degree-granting,"Degree-granting, primarily baccalaureate or above","1,000 - 4,999",Yes,17604-3003,-76.319037,40.048045,Baccalaureate Colleges: Arts & Sciences Focus,Not applicable,73070,73070,73070,More than 3 percent,2309,5,6,10,56,55,0,0,9,89853,57,20,83,Neither required nor recommended,6557,3098,3459,2316,969,1347,611,266,345,35,9772,152501,0,0,125,69,66,112,90,39,NA,39,liberal arts
212674,Gettysburg College,2018,Pennsylvania,"Private not-for-profit, 4-year or above",Degree-granting,"Degree-granting, primarily baccalaureate or above","1,000 - 4,999",Yes,17325,-77.236792,39.836597,Baccalaureate Colleges: Arts & Sciences Focus,Not applicable,68990,68990,68990,More than 3 percent,2441,2,4,9,74,52,0,0,9,86773,87,15,82,Recommended,6269,2943,3326,2847,1344,1503,748,345,403,45,8674,126662,19,0,203,58,80,228,91,46,NA,46,liberal arts
212911,Haverford College,2018,Pennsylvania,"Private not-for-profit, 4-year or above",Degree-granting,"Degree-granting, primarily baccalaureate or above","1,000 - 4,999",Yes,19041-1392,-75.305207,40.007452,Baccalaureate Colleges: Arts & Sciences Focus,Not applicable,73902,73902,73902,More than 3 percent,1310,13,7,10,53,51,0,0,8,91522,48,16,92,Required,4672,2063,2609,878,397,481,357,175,182,19,11504,377646,0,0,58,36,81,0,96,18,NA,18,liberal arts
213251,Juniata College,2018,Pennsylvania,"Private not-for-profit, 4-year or above",Degree-granting,"Degree-granting, primarily baccalaureate or above","1,000 - 4,999",Yes,16652-2196,-78.017292,40.500523,Baccalaureate Colleges: Arts & Sciences Focus,Not applicable,60368,60368,60368,More than 3 percent,1423,3,3,5,74,57,0,0,11,72822,100,26,79,Recommended,2437,1073,1364,1710,719,991,350,149,201,70,7776,85231,97,25,287,14,82,152,86,106,NA,106,liberal arts
213385,Lafayette College,2018,Pennsylvania,"Private not-for-profit, 4-year or above",Degree-granting,"Degree-granting, primarily baccalaureate or above","1,000 - 4,999",Yes,18042-1768,-75.209786,40.69956,Baccalaureate Colleges: Arts & Sciences Focus,Presbyterian Church (USA),71270,71270,71270,More than 3 percent,2642,4,5,7,65,52,0,0,10,108937,51,10,87,Required,9237,4924,4313,2715,1296,1419,733,365,368,29,12414,330578,0,729,343,66,73,0,94,36,NA,36,liberal arts
213543,Lehigh University,2018,Pennsylvania,"Private not-for-profit, 4-year or above",Degree-granting,"Degree-granting, primarily baccalaureate or above","5,000 - 9,999",Yes,18015,-75.380236,40.606822,Doctoral Universities: High Research Activity,Not applicable,68595,68595,68595,More than 3 percent,5047,8,3,10,63,46,0,0,9,121649,50,15,87,Required,15622,8629,6993,3488,1708,1780,1275,664,611,22,5881,203905,0,1058,256,50,88,703,93,NA,46,46,national
213668,Lycoming College,2018,Pennsylvania,"Private not-for-profit, 4-year or above",Degree-granting,"Degree-granting, primarily baccalaureate or above","1,000 - 4,999",Yes,17701-5192,-77,41.24666,Baccalaureate Colleges: Arts & Sciences Focus,United Methodist,56155,56155,56155,More than 3 percent,1142,1,13,12,60,53,0,0,12,69126,99,41,67,Required,2433,1147,1283,1596,777,817,323,131,192,66,6393,166080,0,0,61,16,33,126,77,147,NA,147,liberal arts
214157,Moravian University,2018,Pennsylvania,"Private not-for-profit, 4-year or above",Degree-granting,"Degree-granting, primarily baccalaureate or above","1,000 - 4,999",Yes,18018-6650,-75.383638,40.630947,Baccalaureate Colleges: Arts & Sciences Focus,Moravian Church,60164,60164,60164,More than 3 percent,2139,2,3,11,70,61,0,3,11,72151,88,28,68,Required,2443,1051,1392,1779,765,1014,449,187,262,73,5477,48075,10,0,94,12,30,173,82,165,NA,165,liberal arts
214175,Muhlenberg College,2018,Pennsylvania,"Private not-for-profit, 4-year or above",Degree-granting,"Degree-granting, primarily baccalaureate or above","1,000 - 4,999",Yes,18104,-75.508501999999993,40.596416,Baccalaureate Colleges: Arts & Sciences Focus,Evangelical Lutheran Church,67535,67535,67535,More than 3 percent,2340,3,4,8,71,61,0,1,10,80958,84,15,82,Considered but not required,4146,1704,2442,2562,982,1580,548,214,334,62,5117,106849,0,0,188,46,30,350,90,71,NA,71,liberal arts
215798,Saint Vincent College,2018,Pennsylvania,"Private not-for-profit, 4-year or above",Degree-granting,"Degree-granting, primarily baccalaureate or above","1,000 - 4,999",Yes,15650-2690,-79.403762,40.29265,Baccalaureate Colleges: Arts & Sciences Focus,Roman Catholic,50329,50329,50329,More than 3 percent,1676,1,6,3,83,45,0,13,11,70209,97,28,77,Required,2354,1361,993,1609,860,749,417,234,183,68,5038,54537,93,88,196,32,52,373,81,147,NA,147,liberal arts
216278,Susquehanna University,2018,Pennsylvania,"Private not-for-profit, 4-year or above",Degree-granting,"Degree-granting, primarily baccalaureate or above","1,000 - 4,999",Yes,17870-1025,-76.875329,40.797502,Baccalaureate Colleges: Arts & Sciences Focus,Evangelical Lutheran Church,62480,62480,62480,More than 3 percent,2393,2,7,7,76,57,0,0,12,72938,96,26,71,Recommended,5684,2055,2795,4116,1702,2414,619,283,334,72,8414,68882,163,0,353,37,102,492,87,141,NA,141,liberal arts
216287,Swarthmore College,2018,Pennsylvania,"Private not-for-profit, 4-year or above",Degree-granting,"Degree-granting, primarily baccalaureate or above","1,000 - 4,999",Yes,19081,-75.354278,39.905159,Baccalaureate Colleges: Arts & Sciences Focus,Not applicable,71167,71167,71167,More than 3 percent,1559,16,8,13,38,51,0,0,8,118912,59,19,94,Required,10749,4374,6375,1020,489,531,414,206,208,9,10069,1290102,23,52,86,46,34,0,98,3,NA,3,liberal arts
216524,Ursinus College,2018,Pennsylvania,"Private not-for-profit, 4-year or above",Degree-granting,"Degree-granting, primarily baccalaureate or above","1,000 - 4,999",Yes,19426-1000,-75.456505,40.193023,Baccalaureate Colleges: Arts & Sciences Focus,Not applicable,68122,68122,68122,More than 3 percent,1435,4,8,8,71,51,0,0,10,80035,98,21,79,Considered but not required,3361,1575,1786,2382,1061,1321,378,201,177,71,6816,95671,1,3,361,32,47,0,87,93,NA,93,liberal arts
216667,Washington & Jefferson College,2018,Pennsylvania,"Private not-for-profit, 4-year or above",Degree-granting,"Degree-granting, primarily baccalaureate or above","1,000 - 4,999",Yes,15301,-80.24049,40.170622,Baccalaureate Colleges: Arts & Sciences Focus,Not applicable,61814,61814,61814,More than 3 percent,1356,2,5,5,73,49,0,0,11,73153,99,29,73,Recommended,2806,1219,1587,2311,967,1344,351,175,176,82,6836,97744,15,0,105,20,69,195,83,106,NA,106,liberal arts
218070,Furman University,2018,South Carolina,"Private not-for-profit, 4-year or above",Degree-granting,"Degree-granting, primarily baccalaureate or above","1,000 - 4,999",Yes,29613-6162,-82.440458,34.924676,Baccalaureate Colleges: Arts & Sciences Focus,Not applicable,65024,65024,65024,More than 3 percent,2768,2,7,6,76,59,0,0,10,86783,96,14,80,Considered but not required,5469,2213,3256,3339,1243,2096,711,293,418,61,10147,241614,34,0,141,26,90,138,89,53,NA,53,liberal arts
218539,Presbyterian College,2018,South Carolina,"Private not-for-profit, 4-year or above",Degree-granting,"Degree-granting, primarily baccalaureate or above","1,000 - 4,999",Yes,29325,-81.87448,34.465834,Baccalaureate Colleges: Arts & Sciences Focus,Presbyterian Church (USA),52910,52910,52910,More than 3 percent,1080,1,14,4,69,53,0,0,11,71238,93,29,66,Considered but not required,2462,1160,1302,1695,747,948,310,158,152,69,8753,72270,26,0,122,14,29,127,76,123,NA,123,liberal arts
218973,Wofford College,2018,South Carolina,"Private not-for-profit, 4-year or above",Degree-granting,"Degree-granting, primarily baccalaureate or above","1,000 - 4,999",Yes,29303-3663,-81.933568,34.959411,Baccalaureate Colleges: Arts & Sciences Focus,United Methodist,60363,60363,60363,More than 3 percent,1666,2,8,4,80,53,0,0,11,73799,94,16,81,Considered but not required,3520,1576,1944,2238,951,1287,465,208,257,64,10948,115855,0,0,186,26,59,204,92,71,NA,71,liberal arts
221351,Rhodes College,2018,Tennessee,"Private not-for-profit, 4-year or above",Degree-granting,"Degree-granting, primarily baccalaureate or above","1,000 - 4,999",Yes,38112-1690,-89.990803,35.154405,Baccalaureate Colleges: Arts & Sciences Focus,Presbyterian Church (USA),63040,63040,63040,More than 3 percent,2008,6,9,6,69,56,0,0,10,76519,92,14,85,Required,5093,2192,2901,2269,872,1397,543,226,317,45,8115,167029,36,0,166,15,66,168,92,51,NA,51,liberal arts
221519,The University of the South,2018,Tennessee,"Private not-for-profit, 4-year or above",Degree-granting,"Degree-granting, primarily baccalaureate or above","1,000 - 4,999",Yes,37383-1000,-85.920179,35.204719,Baccalaureate Colleges: Arts & Sciences Focus,Protestant Episcopal,60950,60950,60950,More than 3 percent,1698,2,5,5,81,51,0,0,10,85795,87,17,84,Recommended,3465,1567,1898,2258,1012,1246,477,230,247,65,9023,226314,0,0,76,16,36,0,88,41,NA,41,liberal arts
222983,Austin College,2018,Texas,"Private not-for-profit, 4-year or above",Degree-granting,"Degree-granting, primarily baccalaureate or above","1,000 - 4,999",Yes,75090-4400,-96.596331,33.646345,Baccalaureate Colleges: Arts & Sciences Focus,Presbyterian Church (USA),55137,55137,55137,More than 3 percent,1277,13,10,20,49,51,0,0,13,66832,99,33,70,Considered but not required,3832,1701,2131,2120,947,1173,435,223,212,55,7329,123372,0,0,90,23,27,97,78,93,NA,93,liberal arts
227757,Rice University,2018,Texas,"Private not-for-profit, 4-year or above",Degree-granting,"Degree-granting, primarily baccalaureate or above","5,000 - 9,999",Yes,77005-1827,-95.402035,29.717897,Doctoral Universities: Very High Research Activity,Not applicable,65150,65150,65150,More than 3 percent,3992,26,7,15,33,48,0,2,6,143865,63,15,95,Required,20923,11040,9883,2328,1196,1132,960,507,453,11,10987,841965,1,1000,248,149,99,23,98,NA,14,14,national
228343,Southwestern University,2018,Texas,"Private not-for-profit, 4-year or above",Degree-granting,"Degree-granting, primarily baccalaureate or above","1,000 - 4,999",Yes,78626,-97.665738,30.634341,Baccalaureate Colleges: Arts & Sciences Focus,United Methodist,55970,55970,55970,More than 3 percent,1434,3,5,24,61,55,0,0,12,74462,96,27,74,Required,4551,2036,2515,2049,879,1170,442,216,226,45,7728,200911,33,0,88,18,24,125,86,96,NA,96,liberal arts
230959,Middlebury College,2018,Vermont,"Private not-for-profit, 4-year or above",Degree-granting,"Degree-granting, primarily baccalaureate or above","1,000 - 4,999",Yes,5753,-73.176068,44.009117,Baccalaureate Colleges: Arts & Sciences Focus,Not applicable,71980,71980,71980,More than 3 percent,2564,7,4,10,62,53,0,0,8,102312,44,14,91,Required,9227,3979,5248,1542,721,821,628,292,336,17,11453,314608,15,0,217,56,51,0,94,6,NA,6,liberal arts
231059,Saint Michael's College,2018,Vermont,"Private not-for-profit, 4-year or above",Degree-granting,"Degree-granting, primarily baccalaureate or above","1,000 - 4,999",Yes,5439,-73.167069,44.494558,Baccalaureate Colleges: Arts & Sciences Focus,Roman Catholic,59765,59765,59765,More than 3 percent,1694,2,2,6,81,54,0,2,13,77138,98,15,77,Recommended,4040,1910,2130,3339,1516,1823,449,220,229,83,6549,43509,162,28,283,35,31,301,83,106,NA,106,liberal arts
231624,William & Mary,2018,Virginia,"Public, 4-year or above",Degree-granting,"Degree-granting, primarily baccalaureate or above","5,000 - 9,999",Yes,23187-8795,-76.708214,37.269489,Doctoral Universities: High Research Activity,Not applicable,39221,39221,61093,More than 3 percent,6377,8,7,9,59,58,0,0,11,100353,49,12,91,Required,14644,5654,8990,5406,2392,3014,1545,648,897,37,2153,108018,0,0,389,117,219,355,95,NA,32,32,national
232025,Emory & Henry College,2018,Virginia,"Private not-for-profit, 4-year or above",Degree-granting,"Degree-granting, primarily baccalaureate or above","1,000 - 4,999",Yes,24327-0947,-81.829142,36.772857,Baccalaureate Colleges: Arts & Sciences Focus,United Methodist,50800,50800,50800,More than 3 percent,979,1,8,4,77,53,0,2,10,61527,97,44,60,Required,1660,795,865,1154,526,628,268,125,143,70,6447,74371,91,0,35,14,19,65,76,168,NA,168,liberal arts
232256,Hampden-Sydney College,2018,Virginia,"Private not-for-profit, 4-year or above",Degree-granting,"Degree-granting, primarily baccalaureate or above","1,000 - 4,999",Yes,23943-0128,-78.464216,37.240615,Baccalaureate Colleges: Arts & Sciences Focus,Not applicable,62304,62304,62304,3 percent or less,1072,1,5,4,86,0,0,0,11,72785,99,18,66,Required,3239,3238,1,1912,1911,1,343,342,1,59,12270,163163,0,0,54,7,12,138,79,96,NA,96,liberal arts
233295,Randolph-Macon College,2018,Virginia,"Private not-for-profit, 4-year or above",Degree-granting,"Degree-granting, primarily baccalaureate or above","1,000 - 4,999",Yes,23005-5505,-77.478416,37.76043,Baccalaureate Colleges: Arts & Sciences Focus,United Methodist,55860,55860,55860,More than 3 percent,1488,1,10,4,76,53,0,0,11,75081,99,22,66,Required,2907,1390,1517,1951,935,1016,420,198,222,67,8476,115511,0,28,170,16,54,195,84,126,NA,126,liberal arts
233374,University of Richmond,2018,Virginia,"Private not-for-profit, 4-year or above",Degree-granting,"Degree-granting, primarily baccalaureate or above","1,000 - 4,999",Yes,23173,-77.538806,37.577393,Baccalaureate Colleges: Arts & Sciences Focus,Not applicable,67020,67020,67020,More than 3 percent,3295,7,8,8,58,53,0,1,8,114574,72,20,87,Required,11882,5148,6734,3585,1670,1915,832,404,428,30,12054,604473,21,0,184,63,63,549,94,23,NA,23,liberal arts
233426,Roanoke College,2018,Virginia,"Private not-for-profit, 4-year or above",Degree-granting,"Degree-granting, primarily baccalaureate or above","1,000 - 4,999",Yes,24153-3794,-80.055467,37.294861,Baccalaureate Colleges: Arts & Sciences Focus,Evangelical Lutheran Church,61095,61095,61095,More than 3 percent,2014,1,5,5,81,58,0,0,11,69484,98,25,67,Required,5122,1950,3172,3713,1402,2311,576,238,338,72,5645,67634,8,0,105,27,40,145,78,138,NA,138,liberal arts
234085,Virginia Military Institute,2018,Virginia,"Public, 4-year or above",Degree-granting,"Degree-granting, primarily baccalaureate or above","1,000 - 4,999",Yes,24450-0304,-79.437067,37.7896,Baccalaureate Colleges: Arts & Sciences Focus,Not applicable,31494,31494,58338,3 percent or less,1685,4,6,7,77,13,0,0,10,72727,71,15,78,Required,1768,1470,298,907,745,162,475,393,82,51,4158,262943,0,476,161,46,204,0,83,65,NA,65,liberal arts
234207,Washington and Lee University,2018,Virginia,"Private not-for-profit, 4-year or above",Degree-granting,"Degree-granting, primarily baccalaureate or above","1,000 - 4,999",Yes,24450-2116,-79.443018,37.788939,Baccalaureate Colleges: Arts & Sciences Focus,Not applicable,70500,70500,70500,3 percent or less,1829,4,3,5,81,50,0,0,8,113113,59,10,95,Required,5855,2884,2971,1239,577,662,474,206,268,21,6868,735711,0,34,109,48,44,280,98,10,NA,10,liberal arts
236328,University of Puget Sound,2018,Washington,"Private not-for-profit, 4-year or above",Degree-granting,"Degree-granting, primarily baccalaureate or above","1,000 - 4,999",Yes,98416,-122.478982,47.26308,Baccalaureate Colleges: Arts & Sciences Focus,Not applicable,65616,65616,65616,More than 3 percent,2364,6,2,9,69,60,0,0,11,94655,99,15,76,Neither required nor recommended,5730,2471,3259,5060,2091,2969,653,267,386,88,8657,155188,15,0,159,39,49,204,81,68,NA,68,liberal arts
237057,Whitman College,2018,Washington,"Private not-for-profit, 4-year or above",Degree-granting,"Degree-granting, primarily baccalaureate or above","1,000 - 4,999",Yes,99362,-118.331546,46.069815,Baccalaureate Colleges: Arts & Sciences Focus,Not applicable,68082,68082,68082,More than 3 percent,1475,6,2,7,65,57,0,0,9,85377,76,11,87,Considered but not required,5226,2103,3123,2621,1002,1619,426,173,253,50,10071,395077,0,4,123,36,67,0,89,41,NA,41,liberal arts
238333,Beloit College,2018,Wisconsin,"Private not-for-profit, 4-year or above",Degree-granting,"Degree-granting, primarily baccalaureate or above","1,000 - 4,999",Yes,53511-5595,-89.029285,42.504022,Baccalaureate Colleges: Arts & Sciences Focus,Not applicable,61584,61584,61584,More than 3 percent,1275,4,7,11,52,55,0,0,10,65443,97,25,79,Considered but not required,4200,2083,2117,2369,1061,1308,266,115,151,56,6765,115946,45,16,61,23,88,46,79,76,NA,76,liberal arts
238476,Carthage College,2018,Wisconsin,"Private not-for-profit, 4-year or above",Degree-granting,"Degree-granting, primarily baccalaureate or above","1,000 - 4,999",Yes,53140-1994,-87.820924,42.622969,Baccalaureate Colleges: Diverse Fields,Evangelical Lutheran Church,59240,59240,59240,More than 3 percent,2763,2,6,13,68,56,0,0,12,76137,95,29,64,Considered but not required,8109,3127,4982,5500,2133,3367,763,345,418,68,4091,33688,167,0,222,61,123,558,76,163,NA,163,liberal arts
239017,Lawrence University,2018,Wisconsin,"Private not-for-profit, 4-year or above",Degree-granting,"Degree-granting, primarily baccalaureate or above","1,000 - 4,999",Yes,54911,-88.397822,44.261323,Baccalaureate Colleges: Arts & Sciences Focus,Not applicable,60141,60141,60141,More than 3 percent,1463,5,5,10,62,54,0,0,8,73284,97,22,80,Considered but not required,3502,1760,1742,2188,1049,1139,400,199,201,62,9027,227464,26,0,110,21,42,0,87,58,NA,58,liberal arts
239716,Saint Norbert College,2018,Wisconsin,"Private not-for-profit, 4-year or above",Degree-granting,"Degree-granting, primarily baccalaureate or above","1,000 - 4,999",Yes,54115-2099,-88.067812,44.44483,Baccalaureate Colleges: Arts & Sciences Focus,Roman Catholic,50133,50133,50133,More than 3 percent,2132,1,2,5,87,59,0,0,14,67696,95,21,71,Required,4118,1624,2494,3199,1230,1969,620,236,384,78,4951,68446,302,0,338,47,72,526,82,134,NA,134,liberal arts
